CLUSTER_ID,DomBranch,DomProb,PopWeighted,lat,lon
1,4,0.8385471542728182,47848.0,43.609273788372995,-79.66066541903218
2,2,0.8811362017265998,46276.0,43.754294640073525,-79.23083886431988
3,1,0.35928136408812256,32552.0,43.68941923396424,-79.48808901607616
4,1,0.4156518977049209,41742.0,43.750103250874425,-79.32483442543355
5,3,0.951195038545371,31267.0,43.638416939908836,-79.53062636659993
6,4,0.5306925684261217,37577.0,43.549463687837466,-79.73748054313188
7,4,0.6988009236712387,36596.0,43.597847277735035,-79.60495601041194
8,1,0.8442259063459995,33935.0,43.689803931663114,-79.40993224372659
9,1,0.4059063441665326,31942.0,43.67690993899471,-79.47002950030156
10,1,0.3990661212430089,32796.0,43.72780610510795,-79.30346250230448
11,2,0.7732689653924872,33119.0,43.745984083609706,-79.25397398901052
12,4,0.8014735141922611,33480.0,43.5677500867269,-79.67942660797686
13,3,0.8338495253389384,27755.0,43.64453510562787,-79.51532186612242
14,3,0.3682675375132754,44416.0,43.67350790997802,-79.47365011963004
15,4,0.535392959959237,36464.0,43.56680238546039,-79.7419926101241
16,1,0.7263860399672999,42639.0,43.711225595065024,-79.34223394178237
17,4,0.5148262525320026,33934.0,43.63356862651969,-79.63089960824391
18,1,0.5541966375465265,30724.0,43.703397138390194,-79.46575512483857
19,1,0.9685834029625199,34405.0,43.720216436375345,-79.40235254143019
20,4,0.3389235340014859,30176.0,43.50715932291724,-79.80652580416593
21,1,0.5544166716533309,35014.0,43.65465447480966,-79.40857579034251
22,2,0.8271960326980594,40529.0,43.78050253611533,-79.27361472563642
23,1,0.7189259040040614,29140.0,43.67457876245455,-79.40741920761756
24,1,0.7683665247700352,28825.0,43.67954664796824,-79.4052373614892
25,4,0.46936162074752713,27876.0,43.60027812159597,-79.75112367506841
26,3,0.701740976019273,34976.0,43.6249642731133,-79.49946226069825
27,4,0.4003487840207653,27688.0,43.53801544060993,-79.78537461866175
28,3,0.6463526450564054,31276.0,43.634652192718995,-79.58993723528023
29,3,0.5407492488258747,31468.0,43.66276168629801,-79.48997361866016
30,3,0.9381669751572945,30474.0,43.64342631181237,-79.53009282660996
31,1,0.40270197484759346,26200.0,43.7361462294585,-79.3104058838677
32,4,0.7490496303391618,28153.0,43.595422024374706,-79.60812802456223
33,2,0.4819284736440498,32908.0,43.69905696450987,-79.24867438068681
34,1,0.6579703197353554,25895.0,43.69228311315146,-79.44538897346791
35,4,0.23465997715005266,24209.0,43.45527057424571,-79.86671652056476
36,3,0.906040674613393,36405.0,43.64073777357835,-79.52381395311691
37,4,0.7713135521672515,30129.0,43.611019544503336,-79.626835608339
38,4,0.31525862186689685,33534.0,43.520679546368136,-79.83188229636588
39,4,0.9786359789306673,23506.0,43.59478121899853,-79.64992675330994
40,3,0.4523954943860568,31662.0,43.64152339341363,-79.46367865109303
41,2,0.6026961152958703,37171.0,43.726890846257454,-79.26194134669136
42,3,0.4910485316672698,29286.0,43.66175368021236,-79.48194925389139
43,4,0.8201791142559209,22966.0,43.59836676226099,-79.68040825907158
44,4,0.7864136958659524,23349.0,43.59373312911846,-79.61083584596756
45,1,0.8716268463993064,30651.0,43.694398930321825,-79.41204729472369
46,4,0.7332558153789038,20206.0,43.566025465527424,-79.69356181366986
47,4,0.5441541265910456,30434.0,43.538880459899424,-79.72471611446018
48,2,0.40703707044379334,29760.0,43.83197521720213,-79.04573395364197
49,1,0.6677148493866671,20351.0,43.66576710839425,-79.38592199376089
50,3,0.5612364575008728,29606.0,43.62550473166158,-79.59256816898207
51,2,0.9867336439303828,35389.0,43.78814904537007,-79.22974122275568
52,4,0.7731079515011644,22232.0,43.61478600284448,-79.63709530941972
53,4,0.840293981163623,28933.0,43.59366925163909,-79.67964539446095
54,4,0.7647616646257847,28782.0,43.6051233802087,-79.6842273512806
55,2,0.9053989713872583,19333.0,43.782958749421596,-79.19807435494235
56,3,0.4938308011814783,24458.0,43.58381878769345,-79.54278490137541
57,4,0.6949786420343933,22874.0,43.57793072461938,-79.7064400678712
58,2,0.4781544295657377,27568.0,43.845333013109304,-79.09837550597247
59,4,0.6709267943076163,27421.0,43.623531716473686,-79.66876270454415
60,1,0.9868934364404199,20527.0,43.70758779246258,-79.38942294401878
61,2,0.46457756561179353,29962.0,43.841418758105625,-79.08551422993001
62,2,0.7134947074627456,31148.0,43.78522676484148,-79.288206660871
63,4,0.4700056742470616,19484.0,43.5226940274273,-79.74050276500517
64,2,0.9204767857887223,26468.0,43.780276744958236,-79.25907983881228
65,1,0.8165723996441083,18469.0,43.73298480725448,-79.3682696016596
66,1,0.3654821074723808,18097.0,43.689312573013176,-79.48691384541137
67,2,0.8723305500815353,26937.0,43.79621086199913,-79.25958723962412
68,2,0.3797828281922997,27072.0,43.8484880538651,-79.04355825648172
69,1,0.4190144854319635,30540.0,43.74840782433837,-79.32369599496556
70,4,0.622801426081498,15431.0,43.62616360020282,-79.63628208794921
71,8,0.584314007795558,28053.0,43.90001656482605,-78.96375456229757
72,1,0.5622407709343137,31783.0,43.702669836520705,-79.31798901593184
73,2,0.4196549208163768,15889.0,43.85744062076158,-79.07574159719294
74,3,0.3916383803843361,32003.0,43.67755275120191,-79.48182439435512
75,1,0.39148325918562416,17071.0,43.67401561804208,-79.46977307620371
76,2,0.5731416700972766,29483.0,43.78279716932151,-79.30720135339905
77,4,0.5048872396585683,21084.0,43.54667946526707,-79.74490499768257
78,3,0.9702351513276886,16210.0,43.63218467614839,-79.55153043365428
79,8,0.6384981225111012,28092.0,43.96037655135045,-78.91812567499488
80,2,0.5530089240727301,16920.0,43.72774340031851,-79.27442899993244
81,8,0.6127394490434095,15262.0,43.889469002038155,-78.95703281667453
82,4,0.47594361584470146,14863.0,43.58954655154748,-79.57871003246882
83,2,0.8132403845789442,25665.0,43.76710779006071,-79.17796011004198
84,1,0.8152625101497617,18954.0,43.72097281514375,-79.35689353632749
85,4,0.801743682695376,22364.0,43.58424558919732,-79.61026471327959
86,4,0.6582868410908763,23696.0,43.58809997718678,-79.5966393042053
87,4,0.48335265582535863,20202.0,43.61405236068152,-79.73504484388398
88,4,0.23704851399684862,22816.0,43.50104491459575,-79.89908729476002
89,8,0.32928560861624956,16058.0,43.9320760991215,-79.02226272967768
90,1,0.5840185888200099,23918.0,43.74256396197197,-79.45425373284624
91,1,0.49161998703386983,17020.0,43.70260832179476,-79.30625123317083
92,9,0.22853151800832855,18907.0,43.42224625141686,-79.86946780875175
93,2,0.7299779849796371,17649.0,43.80072997078345,-79.16001183264902
94,1,0.513489969264839,25683.0,43.668121818498726,-79.44341082033021
95,4,0.42153294591079005,16740.0,43.505010187843936,-79.74715399287842
96,2,0.3527170575747964,23167.0,43.85254880200004,-79.03189118191332
97,3,0.5407754079910432,24298.0,43.63646897653202,-79.60064069512819
98,4,0.6785545814522097,18540.0,43.61786148920298,-79.68311273425248
99,2,0.377414440889387,23600.0,43.88183905635798,-79.07529702904367
100,3,0.6281734063437965,17604.0,43.67200485435923,-79.57600605315797
101,2,0.6138720827894106,29332.0,43.7429574362576,-79.28151642724978
102,1,0.5949964046614844,14770.0,43.726980728384376,-79.46135722204085
103,2,0.3469710406554299,12617.0,43.799409432291974,-79.34572254020509
104,2,0.5187979172745338,16730.0,43.83809848845907,-79.11311250834564
105,2,0.4859224711660097,32912.0,43.85114189636886,-79.11251551226233
106,4,0.5828899344320454,17430.0,43.59969353540763,-79.59590208649603
107,1,0.8461744008324862,19075.0,43.727938688893246,-79.36698848099525
108,4,0.2899880553548139,20669.0,43.5651943264402,-79.85331896017914
109,9,0.20608777648510804,16975.0,43.425158541675444,-80.03752989084249
110,3,0.6886171047292452,16590.0,43.634791309864845,-79.49551690758112
111,4,0.6428173160511875,24889.0,43.617311702945685,-79.62013566842113
112,1,0.6553072347391026,15538.0,43.68272624667229,-79.43680700643597
113,8,0.36196329483023776,20148.0,43.81009549327882,-78.95695479170391
114,3,0.6813777307668129,17578.0,43.621170276515805,-79.57822156993981
115,1,0.8494838044579811,11531.0,43.73689127389314,-79.40020781818092
116,2,0.34090521897208514,16533.0,43.879153073514125,-79.04633466425899
117,4,0.4698558206629491,12423.0,43.555759765488844,-79.76091964783319
118,1,0.49987585115670924,11767.0,43.69115094169464,-79.46695589120075
119,4,0.8734319232871621,14982.0,43.56649092561467,-79.6401436255554
120,1,0.7059457194750572,14289.0,43.680945459580386,-79.42534479895633
121,3,0.7792601478670679,28181.0,43.66471179219805,-79.5524630547008
122,2,0.527535532599569,10528.0,43.85238546670647,-79.153538639187
123,2,0.48454945785700215,16071.0,43.836491363006786,-79.09160127807559
124,3,0.4050007795572821,15279.0,43.63616732892217,-79.61562035761241
125,4,0.5686374905798024,14058.0,43.6212284060144,-79.61695593504761
126,2,0.8306466824214007,13728.0,43.77184230838007,-79.27148714763267
127,1,0.6999534817596303,21566.0,43.75185522758583,-79.39523861830354
128,3,0.42383969383803655,15776.0,43.56835723796935,-79.52614088794347
129,8,0.35121455184666844,27760.0,43.88719712508253,-79.01140254166043
130,1,0.4618181889752347,9614.0,43.73251874417004,-79.31643264427792
131,2,0.9002271728267368,19982.0,43.758952914425436,-79.24211391050503
132,2,0.7602147133367739,11756.0,43.74800294650069,-79.1797088675921
133,4,0.45012851558368544,17920.0,43.61949457727845,-79.60209383059303
134,2,0.47883476968003547,12768.0,43.7702139309319,-79.31855158318359
135,2,0.7131483929804531,16096.0,43.77690871235505,-79.28853284543885
136,2,0.5213293737355114,8825.0,43.832421974274304,-79.10719877216783
137,1,0.8706030488989995,10336.0,43.70741870270729,-79.36280842145055
138,1,0.5697498190457793,16151.0,43.74492056165015,-79.34327747242709
139,2,0.7132726659728202,15624.0,43.733444880803816,-79.18926506293955
140,9,0.21040089280828048,26638.0,43.435878423033415,-79.95896728749534
141,4,0.36911653843913494,13826.0,43.479374573692546,-79.74873052811722
142,3,0.7428718606550185,10712.0,43.65786178713026,-79.51384059272793
143,4,0.31536243480890497,34860.0,43.58261012806398,-79.8274569311716
144,3,0.4336750817258436,15655.0,43.57222432040716,-79.53517996989426
145,4,0.5111183859598024,13857.0,43.525567933939485,-79.7235656286011
146,3,0.9682105280779629,20789.0,43.636341434491186,-79.55569187830964
147,4,0.6426881208496716,16213.0,43.56075858446796,-79.711616473152
148,3,0.8056839077178989,18662.0,43.64781699216084,-79.57441468044561
149,1,0.8107535345258653,22305.0,43.7204921482907,-79.356027971822
150,4,0.5317014535963873,14973.0,43.53047156147933,-79.59524199993369
151,4,0.6673728995696796,15190.0,43.620410936406856,-79.68031301429527
152,4,0.2736863867293347,19547.0,43.4816282270179,-79.84513094212853
153,2,0.6078058807709417,18582.0,43.834108868418404,-79.15937882939417
154,1,0.8641231529198043,15270.0,43.691244275864335,-79.40734954326729
155,4,0.5074776180640936,10880.0,43.560112193246674,-79.74912841082119
156,2,0.8343503569221161,14520.0,43.75155498910411,-79.24792046419472
157,1,0.7123753322364332,20971.0,43.69362721480438,-79.34354621691908
158,4,0.797737121212218,20462.0,43.56636058793605,-79.61847402230075
159,8,0.6403049070282768,10128.0,43.93180082644212,-78.94564179169801
160,4,0.8445603677243474,13920.0,43.584266927110804,-79.61500671484856
161,3,0.5861421261453258,16050.0,43.67217093231159,-79.50843954664234
162,3,0.430164090072001,16110.0,43.66090192978932,-79.61877396438422
163,2,0.8274414710110175,24207.0,43.75051700450389,-79.20269605412847
164,2,0.5208282411738353,16320.0,43.83959935742354,-79.24214235206524
165,2,0.4614022607150236,16095.0,43.7233552444775,-79.28711209064673
166,2,0.5572152026076269,22176.0,43.825534004003174,-79.11758552467415
167,1,0.45003802450409347,12905.0,43.71375669941698,-79.48522743094195
168,4,0.5877357401911257,22537.0,43.6304233099005,-79.67614749398348
169,2,0.9623077180415107,19499.0,43.76891497070155,-79.22491891269863
170,2,0.6794152949355848,25046.0,43.760001153658436,-79.28645376298573
171,3,0.5526513980896727,17661.0,43.66370205192589,-79.49257831975908
172,3,0.819438022669823,13775.0,43.640229691748566,-79.51218991234224
173,8,0.4459996343087145,13717.0,43.83163473036377,-78.95440373260385
174,2,0.6193002989937357,7630.0,43.81634227210627,-79.2742353932258
175,4,0.7253160098092833,14152.0,43.567500840236875,-79.69635210850309
176,4,0.9489439000237431,9064.0,43.58757679932411,-79.62864227308894
177,8,0.5645897815432916,18029.0,43.984402944296654,-78.77131684858415
178,4,0.4605532688541969,21842.0,43.62133366690374,-79.73252735662275
179,1,0.9437590370266673,21930.0,43.702107498709765,-79.40571003253382
180,2,0.47470659855796055,23127.0,43.760405376791645,-79.31458464444847
181,4,0.4748529128790759,23347.0,43.64246484183711,-79.64562271727287
182,2,0.4064663828920638,16268.0,43.81637289522809,-79.035277239443
183,4,0.7113172768163497,17680.0,43.61622107730148,-79.67829714988194
184,4,0.4472028652397356,29160.0,43.6106258941972,-79.7488884896734
185,1,0.6322337828661974,9533.0,43.74151759664161,-79.34890564854913
186,8,0.6030509632204627,7869.0,43.987837171590115,-78.85538959750986
187,3,0.5083910304349294,9395.0,43.68421241898229,-79.51452699184327
188,2,0.6531017332376676,14448.0,43.74130306132654,-79.27280480727121
189,1,0.5022685574424101,14418.0,43.707822291935635,-79.30942758438731
190,3,0.8958226938720918,9855.0,43.63431723397429,-79.52260787501646
191,2,0.2834058933755265,8841.0,43.92962980137482,-79.04375071693808
192,1,0.5701056959481022,24238.0,43.72874289561652,-79.46481529481191
193,1,0.7537943071199836,23757.0,43.74180814658857,-79.4196438476182
194,3,0.4965935606238177,13824.0,43.62107808000353,-79.59501294121432
195,4,0.9400476290053392,15444.0,43.59880243231304,-79.6346148399347
196,8,0.3948621024523035,10746.0,43.837583410874956,-78.97414718888756
197,4,0.5663554551996112,12852.0,43.532266833734845,-79.70736401568364
198,14,0.24458105829360458,14472.0,43.380157198449254,-80.18231234524602
199,3,0.501641959170876,19024.0,43.604680501079564,-79.5783450541554
200,1,0.7215284385521387,13716.0,43.713756228672025,-79.34198582979585
201,2,0.5168227421133276,9379.0,43.727245463730796,-79.2809225357441
202,4,0.8078882438968935,10920.0,43.591365956792266,-79.61202076065824
203,4,0.6417387407647425,13260.0,43.58416654345809,-79.59387929068197
204,7,0.44165271325031213,6971.0,43.83244955124973,-79.28082281196777
205,4,0.48043115841306355,18877.0,43.55547360757888,-79.75706365732388
206,2,0.883877293519609,24296.0,43.75741997229813,-79.24489625704463
207,2,0.5318435449776535,6720.0,43.76858311995288,-79.31039858864926
208,4,0.42000648338567775,14794.0,43.54091469597292,-79.77691406522867
209,2,0.5375222224919548,15574.0,43.84550852507708,-79.13941542959631
210,8,0.6106488731220793,10946.0,43.90559625390119,-78.9589684264987
211,2,0.8690215472279474,19020.0,43.80590938276786,-79.21339476099025
212,4,0.5232275688736727,15704.0,43.575312530888795,-79.74566523651764
213,1,0.48776018345957556,17928.0,43.72850326278548,-79.31733495257347
214,3,0.6455231699264796,21954.0,43.64384866206246,-79.59192690661651
215,1,0.43157176309708484,10608.0,43.70034920915401,-79.2943691414493
216,8,0.3757686436235548,23227.0,44.05437546305756,-78.70903102917742
217,3,0.5165134633968134,10225.0,43.63184535062685,-79.47118624921482
218,4,0.38935607950448,14500.0,43.52195483660043,-79.78318892415069
219,4,0.5231860021585387,21777.0,43.636782581895574,-79.6428878026786
220,1,0.7758001744012272,17291.0,43.68159486669681,-79.40939312430041
221,8,0.6988998529966626,16458.0,43.959185583585835,-78.8086133765364
222,2,0.8473817251339515,17188.0,43.75833099619086,-79.19588246834402
223,2,0.39784476079724923,7360.0,43.85861814142298,-79.0630771123848
224,3,0.5737804851055592,14575.0,43.65298829769517,-79.59919560677164
225,4,0.5914387173107776,30767.0,43.56425833408844,-79.72629021256961
226,4,0.8857431487790027,14250.0,43.569732166721984,-79.65859421390577
227,4,0.5622365252277125,15575.0,43.53953278261701,-79.71854354759787
228,2,0.4009120654501123,24057.0,43.75730979500023,-79.32362196749794
229,4,0.34321208798264813,14544.0,43.635530515868325,-79.75009470162284
230,1,0.6077126602224546,14304.0,43.66979045940462,-79.34234501307736
231,2,0.3486248502972458,26802.0,43.895348584833904,-79.06824858321977
232,2,0.39321746526283186,7162.0,43.89681823901034,-79.13864761526848
233,1,0.6645711441707628,17952.0,43.75503341781575,-79.40479285083211
234,1,0.5931211801439101,10056.0,43.706427329986184,-79.32314172724872
235,1,0.600237380793958,18292.0,43.729329037870265,-79.45972863392292
236,3,0.42244337280964234,22886.0,43.65428696252934,-79.6202264791132
238,3,0.6770651848005197,9600.0,43.651446565444274,-79.58745566715562
239,2,0.7173842279820702,19067.0,43.82281899471537,-79.23598281346948
240,2,0.5282017570518215,16298.0,43.753911768845114,-79.30317975936543
241,2,0.5577983240563377,24137.0,43.77293880018111,-79.3082011028518
242,14,0.19678182544009123,13386.0,43.468143614707195,-80.02667298976087
243,3,0.9993647320673517,7282.0,43.638636245495654,-79.54489771287251
244,1,0.5741061514660948,24991.0,43.74508528253534,-79.3441540924988
245,2,0.5654794167216892,23187.0,43.8462735831404,-79.17184201791679
246,8,0.3580772715281991,7416.0,43.916549327547386,-79.01405856351151
247,1,0.6955441719323855,20182.0,43.6840834991264,-79.34741441373649
248,8,0.8083474093681616,7578.0,43.88188543723763,-78.9189753249468
249,2,0.5081206315018536,15191.0,43.70858232330692,-79.25673503020654
250,2,0.4423220809723518,7624.0,43.79257967610871,-79.3265882396004
251,4,0.5154841415051117,12650.0,43.506499251765106,-79.66516286055328
252,4,0.2770163754095508,12848.0,43.466393705138024,-79.82559964186379
253,2,0.8754133239377141,16648.0,43.798472233096284,-79.25626176896877
254,2,0.7862823765510323,6789.0,43.77342873310689,-79.1683769598461
255,5,0.21805969408143364,6343.0,43.540212677741025,-79.93243059406501
256,1,0.9778307167768352,13266.0,43.71862541748719,-79.4011892842227
257,2,0.6040183482470275,20294.0,43.837476011365744,-79.16774221655456
258,2,0.4955898649146564,11484.0,43.847290282712294,-79.11265570693882
259,8,0.7087047793995374,17418.0,43.9640884889763,-78.8676252176182
260,1,0.9349396736702253,17617.0,43.70297499011318,-79.3774996968808
261,2,0.8662121801789966,6657.0,43.80524985416597,-79.24522397683334
262,8,0.6471744184645186,17325.0,43.961511832236845,-78.91299596144758
263,2,0.5035148979328021,12562.0,43.83790460131804,-79.24985990353693
264,2,0.5145466152578352,16046.0,43.85733831200776,-79.17486158077688
265,4,0.3015704064135443,7458.0,43.51695020083673,-79.84131700804588
266,8,0.33831950594895577,18672.0,44.08565858094634,-78.72119634713162
267,8,0.4741906908185825,30793.0,44.02370642174164,-78.85654429916259
268,9,0.24342529869156948,13838.0,43.41454078975979,-79.98778519689412
269,3,0.7486704455359016,12537.0,43.61313918262554,-79.52019792058631
270,4,0.20233095826171935,12474.0,43.51726746102887,-79.9488895231074
271,4,0.7053409054938076,11298.0,43.61412760080683,-79.68381066324449
272,2,0.6756445370751476,26763.0,43.82787278801425,-79.18428336839487
273,9,0.26210745273650304,11004.0,43.34601436093863,-80.13923556447898
274,1,0.7563187305323298,5834.0,43.6763192759549,-79.39030042018494
275,1,0.7548449126577351,13440.0,43.71636193439048,-79.44071308341228
276,2,0.6382426778587538,15065.0,43.726976272549244,-79.2520234527796
277,4,0.2238529792103571,22125.0,43.512708509465845,-79.91948901043277
278,1,0.6982443143039749,24494.0,43.67694751972446,-79.4198390551227
279,3,0.44566230450456495,5038.0,43.69417043442375,-79.58425701795716
280,1,0.4782180433274162,16204.0,43.77053614740225,-79.36958564702556
281,4,0.34829109802064057,14828.0,43.48733608241072,-79.7799321629365
282,1,0.40603007306639866,14312.0,43.682906269957826,-79.28436116448081
283,1,0.7920797687312552,16351.0,43.69278592532132,-79.42562364769863
284,2,0.5708714747489412,13140.0,43.70564363150307,-79.17423994839689
285,4,0.3192161307160925,14127.0,43.541475427681256,-79.83414181712192
286,1,0.9347056852637695,19420.0,43.72640549251599,-79.40178557872177
287,2,0.49752222657871276,20525.0,43.8522360068672,-79.21663656525497
288,1,0.541124259453137,6916.0,43.663998807033416,-79.4322363908468
289,3,0.2869878745749278,15978.0,43.7298623496014,-79.5680337340818
290,1,0.386031421033236,25327.0,43.73797783276607,-79.49883689312333
291,2,0.32039357556703985,16847.0,43.90558345186381,-79.05552216316606
292,3,0.8716081339521514,17345.0,43.6342757177704,-79.56831133416584
293,2,0.8385773612169277,15001.0,43.799548158371685,-79.19064539444219
294,8,0.5227851198496193,14014.0,44.009264757226475,-78.81592186217716
295,7,0.6215519208211611,16906.0,43.843611770669305,-79.28274330224738
296,2,0.3435686096381594,5900.0,43.900525918480845,-79.07010926366777
297,5,0.2138671573733258,15763.0,43.546034103492914,-79.96951963813608
298,8,0.5852438403286137,13233.0,43.940815798187714,-78.72927170566582
299,1,0.5616922404619478,18341.0,43.735639541918744,-79.46332743676639
300,3,0.32168589742125503,4105.0,43.703528813110985,-79.61605833212751
301,3,0.39038843683653013,21924.0,43.600231803074536,-79.44649596829086
302,2,0.3764498776880724,15284.0,43.84240542955721,-79.03706421042699
303,1,0.44112260279704224,10890.0,43.73232340951283,-79.31325004527864
304,2,0.28589056266377,18224.0,43.945665698480695,-79.05902338920674
305,8,0.422009533075142,10566.0,44.00029092275837,-78.67289391903316
306,1,0.7142060787970478,13241.0,43.67217756499809,-79.39862220187291
307,2,0.4781394079232949,18409.0,43.866073691937196,-79.17314135821175
308,1,0.4027475161231125,24320.0,43.76484287018609,-79.47391779602513
309,2,0.5648767872468046,10764.0,43.72674655510233,-79.12013458951427
310,8,0.20407171097522625,13313.0,44.15612552745213,-78.3657213263782
311,3,0.4715270785889285,13675.0,43.61037680438078,-79.46483693792206
312,2,0.947474409039336,13201.0,43.79025915197344,-79.21341951855949
313,2,0.7700874539131721,13850.0,43.81682393302446,-79.2399895188256
314,3,0.46758423454942316,19651.0,43.68221571229234,-79.50170114535558
315,8,0.54348754962746,5858.0,43.923296605690155,-78.969553083252
316,2,0.5811702351257765,16384.0,43.83650662145223,-79.23418234350173
317,5,0.5393864492121141,4949.0,43.6965151489204,-79.69424156255714
318,1,0.926828471383359,6222.0,43.72826443718276,-79.39827658674545
319,3,0.45602040398525795,13117.0,43.67096637997805,-79.48539626660465
320,4,0.5481782245243144,10710.0,43.514776841491056,-79.66901217658001
321,2,0.6207723804945251,10115.0,43.791309487010174,-79.11966550544258
322,3,0.3501543156558598,16064.0,43.54634735287461,-79.50951437728652
323,4,0.6196676578462457,19733.0,43.621071669279694,-79.69163713813934
324,8,0.4589724560965929,15563.0,43.8740449208939,-78.98171767536745
325,4,0.8268287058375979,4338.0,43.56189553314898,-79.66131854275275
326,4,0.2882093929639399,15812.0,43.58431828786446,-79.84559245609732
327,4,0.18578952291669865,21575.0,43.506045164422495,-79.96980757603241
328,8,0.8607110760521378,4133.0,43.93593662178526,-78.8568919507708
329,4,0.4866701283715465,22561.0,43.529314852898,-79.7393226940305
330,1,0.3897846160096464,16942.0,43.74896406778128,-79.49314581337184
331,2,0.7887852958094215,10224.0,43.80096532122693,-79.26866407596967
332,4,0.6052824111924997,14509.0,43.58656670016537,-79.59090761611141
333,4,0.6173458038900648,12744.0,43.53582322903688,-79.61796508447148
334,2,0.40182348714177657,5616.0,43.83229794965708,-79.04320491494448
335,8,0.7912336455659804,25698.0,43.94812877576591,-78.87105368101916
336,3,0.5953438885490745,17021.0,43.68188983970761,-79.55600525649481
337,4,0.6543539559796197,9760.0,43.613808446514604,-79.6954551236239
338,4,0.6254241873112516,12385.0,43.58335400616991,-79.59199865865152
339,3,0.46923426250359423,12261.0,43.693064839597035,-79.57697658131283
340,2,0.3188723513981485,18360.0,43.83150248519372,-78.99945597605432
341,3,0.5979287314918313,14143.0,43.649670273725626,-79.59681400317187
342,8,0.5053845677573766,15676.0,43.83544940632429,-78.94230911655409
343,4,0.548160869488718,4681.0,43.56979630000852,-79.73882986209597
344,2,0.7609961085512467,15608.0,43.81269181269008,-79.25500461894946
345,3,0.5757591691487485,9930.0,43.61844362982095,-79.48242465940774
346,8,0.3238329557289321,5325.0,44.093793255466565,-78.70289215812141
347,1,0.39690113736225474,3393.0,43.702332530842064,-79.49008427134022
348,2,0.3517173247528278,4592.0,43.837634460401965,-79.02062028774144
349,1,0.4372411062962367,23433.0,43.649090839234,-79.43361402560694
350,3,0.6128741252956302,4083.0,43.66496628961541,-79.50281518836026
351,1,0.5235593474580185,5295.0,43.6448509908684,-79.37006219519895
352,8,0.4575319876125686,15679.0,43.9489570524092,-78.98100023317083
353,3,0.6522436203837331,16638.0,43.63025738174981,-79.58741858559901
354,2,0.7075449253564686,20119.0,43.80341063744265,-79.15508979252743
355,3,0.7337724366176471,4564.0,43.61538039430983,-79.5651994909699
356,4,0.7023231388945667,3597.0,43.62027111354849,-79.63746228289138
357,8,0.34621698011220137,15563.0,43.97641500202894,-79.00482748104181
358,3,0.4693062767678497,12872.0,43.577575264078064,-79.53144101010353
359,2,0.3676503450196338,13766.0,43.86376845935887,-79.04941262120578
360,4,0.36903000984933215,24667.0,43.470201567806335,-79.72842078286156
361,2,0.4786172574971629,9030.0,43.853185046095,-79.22130219924503
362,2,0.3662183217339113,11528.0,43.888106660178856,-79.07421564788443
363,4,0.8882055967381509,4956.0,43.56905178251905,-79.65530394463316
364,8,0.5560188101555188,18558.0,43.91859559431763,-78.96799009820096
365,8,0.34628204297957044,3324.0,43.90022757576124,-79.01563072125992
366,4,0.3633292231748249,16913.0,43.55389942084277,-79.5402660711328
367,1,0.9680908634078897,4928.0,43.71337220148462,-79.37994658374724
368,7,0.6415199023989072,17625.0,43.84267825063613,-79.33196755633759
369,2,0.3777439127383785,17042.0,43.893734193020514,-79.18612647959255
370,2,0.9480463886632471,21540.0,43.78325739507599,-79.25340622500487
371,4,0.43845789738305907,10380.0,43.64201663207546,-79.63181732534153
372,3,0.5216467176734695,3773.0,43.690392841957674,-79.54732697748801
373,2,0.8731259523197252,11752.0,43.805778805748744,-79.24053518158031
374,3,0.4759665312769299,16731.0,43.67122044997329,-79.6064627079256
375,4,0.48708928527006856,3246.0,43.504466745892,-79.69642510380645
376,1,0.8691117707541235,4654.0,43.702975997363886,-79.36433585118266
377,1,0.9050365833293145,16179.0,43.71939739685941,-79.41773040013041
378,2,0.3422351604129059,17941.0,43.92158687622756,-79.10745095801418
379,4,0.393757485978895,18005.0,43.50953746328184,-79.77054665557786
380,8,0.4450077954341201,20457.0,44.03132665147143,-78.87054275791311
381,2,0.5507205564154862,15892.0,43.849508844965385,-79.18888481506293
382,3,0.6934221650481815,11927.0,43.66510463409789,-79.57405879038794
383,4,0.40437648276491694,4082.0,43.553528822484964,-79.78713337176605
384,8,0.3290659828191294,3025.0,44.00285819993684,-78.99725091835732
385,2,0.9507361170101173,19958.0,43.78325431835519,-79.25281276469052
386,1,0.5141846370701598,12043.0,43.77156566915284,-79.40487597823356
387,1,0.31526505052764475,2992.0,43.800660561177104,-79.41927458254425
388,1,0.7852573134918647,18503.0,43.71652953155766,-79.43655298712815
389,8,0.7005551036985451,11377.0,43.924564093045575,-78.76681790597823
390,1,0.35660129269386637,13563.0,43.793206890719276,-79.41849058506656
391,4,0.2557534483038782,13669.0,43.55344603462345,-79.88677041844097
392,4,0.9066474593055659,17635.0,43.59577187758538,-79.6253102941394
393,2,0.5843887857936989,10816.0,43.72414157624508,-79.26188739836698
394,9,0.2954574119046087,11850.0,43.38990933480774,-79.98728037873875
395,2,0.48308795983446845,12890.0,43.799503104849805,-79.06517818829103
396,3,0.4980806797890572,15166.0,43.645525731322365,-79.47244999197001
397,2,0.6662373857883952,3562.0,43.829843185634786,-79.22589863151715
398,7,0.23669087627706653,13207.0,43.819276132961306,-79.39511056256148
399,1,0.5660211901574339,16490.0,43.76564039031939,-79.40204824611084
400,2,0.6842955056050595,17333.0,43.725215058273776,-79.21131838246612
401,2,0.87760284363233,3888.0,43.762937227940874,-79.19990981518875
402,1,0.8525228358075062,12822.0,43.71726322479334,-79.42689356906634
403,3,0.44720648255838413,13174.0,43.686230037452695,-79.59813655413711
404,1,0.5884161260259609,13625.0,43.70263515015123,-79.46067442516981
405,8,0.6333578496064843,14060.0,43.9364888288913,-78.94432704439762
406,2,0.9977231832623261,14406.0,43.781253370171335,-79.23681211298697
407,2,0.6360477276598928,11400.0,43.81027436962157,-79.28093449052388
408,2,0.6201076406746318,9426.0,43.7221831846489,-79.24679144986754
409,2,0.49344766491448727,18143.0,43.81855732481093,-79.29162963376895
410,2,0.510943602955995,8258.0,43.845283583382056,-79.23064067351032
411,3,0.6034477505615562,19651.0,43.652124989292155,-79.49023778623578
412,8,0.4705045763034389,13019.0,43.94599762653517,-78.97881284533548
413,1,0.7960343749310931,8272.0,43.69914031259194,-79.35435499525094
414,7,0.24770576514340975,15302.0,43.81284013996054,-79.3785826914143
415,2,0.34690061491729,10898.0,43.88749436773657,-79.058208984655
416,4,0.25119269019103546,10940.0,43.523014316235056,-79.89046624023344
417,8,0.3478383644841031,14370.0,44.05884749860166,-78.66406166699002
418,1,0.24681423996299143,10424.0,43.74286902470179,-79.54503820489137
419,4,0.6204030035882508,13126.0,43.55344823578218,-79.71249318575018
420,4,0.3858840455801742,11356.0,43.63777358247221,-79.7292132640288
421,3,0.7051428415909604,16008.0,43.66568322656632,-79.57085161617742
422,2,0.18803074370663445,16152.0,44.24980587810718,-78.34411963755565
423,4,0.3495267636053022,12808.0,43.55851219513296,-79.81496699261643
424,8,0.6440193484513826,7130.0,43.86799480825534,-78.7520141848306
425,1,0.4447225551325702,7140.0,43.75745123876534,-79.33790446096488
426,2,0.3180459903434442,15876.0,43.918778019444765,-79.06721341139874
427,2,0.39487316128160166,3590.0,43.75999340176987,-79.32624516940014
428,2,0.7420800355885114,17215.0,43.77702814565369,-79.28480342395983
429,4,0.3611668330457179,3150.0,43.55982081049877,-79.80842259509173
430,3,0.4827380342491823,13040.0,43.67669520998619,-79.60064474203854
431,3,0.49478884827751013,11764.0,43.68479042448597,-79.58695891766813
432,3,0.46715821792228,11895.0,43.59112334297868,-79.56515444495
433,9,0.18781719335154137,9993.0,43.4397489405617,-80.02959355019176
434,3,0.37981179630470985,13180.0,43.65776624592536,-79.62812189072295
435,8,0.37624808877040145,2466.0,43.99576191609426,-78.61937582208942
436,8,0.8562451145411106,10165.0,43.8606252134189,-78.8714339226076
437,2,0.17680708807705997,7537.0,44.419431692838515,-77.94660197389531
438,1,0.5395000853211865,13622.0,43.71645926325765,-79.47100809173442
439,5,0.2392666771949972,18772.0,43.564208835433675,-79.95257093861765
440,5,0.2827567227456809,2221.0,43.595948670588164,-79.94723148641783
441,3,0.6484142351385015,16317.0,43.605947736675574,-79.56043297437682
442,1,0.7249651680859441,8213.0,43.74529491696737,-79.3730294249055
443,3,0.841107784310155,12985.0,43.61775587560209,-79.54826686500685
444,2,0.37061556943701013,14368.0,43.83239881935123,-79.02685758271154
445,2,0.38186575951004625,3210.0,43.84017564203718,-79.03831023031994
446,1,0.45138077213062017,10187.0,43.77578988574404,-79.43220895090812
447,2,0.186166784966624,15956.0,44.259152776819725,-78.24985176384172
448,1,0.6624263019129099,20299.0,43.69533936531315,-79.44689268408325
449,1,0.694911072686997,12130.0,43.750466077121374,-79.41340321001691
450,4,0.9383515390535131,14179.0,43.57745176208344,-79.6562384485485
451,2,0.1728820679825018,13924.0,44.44769581216557,-77.78323172605819
452,8,0.4073280547481273,7862.0,43.94860691472523,-78.62168006187864
453,3,0.5077036561744876,8662.0,43.69098561129285,-79.53662445548123
454,13,0.30816382681255644,17015.0,43.294536299973956,-80.35268925916148
455,2,0.40790533065924156,1879.0,43.814753195476634,-79.03508025596919
456,2,0.40158559726657933,9230.0,43.816296034688705,-79.31465472022717
457,2,0.3601031882248827,8644.0,43.900461556521314,-79.18817003726946
458,3,0.4271037743175022,13133.0,43.57750452782359,-79.4781483310073
459,4,0.45702646607022357,16357.0,43.52376872739927,-79.74817599090582
460,4,0.7223829094387046,12876.0,43.587579003790495,-79.70126177612828
461,8,0.34674808348510117,19114.0,43.91188857893413,-79.0169524610465
462,3,0.48094831803860527,1817.0,43.66164784674736,-79.61012754323065
463,2,0.5428812730559025,15938.0,43.804102546789466,-79.30247238458821
464,14,0.23170170907536858,11294.0,43.412605874022475,-80.09644835923703
465,8,0.20507290643192955,11822.0,44.177177648197805,-78.40066580889673
466,4,0.8460451005299195,6552.0,43.59798704343767,-79.67620576859427
467,13,0.29440205806692527,14744.0,43.251460662420676,-80.76263031058748
468,8,0.5955107234588106,11158.0,43.98635304674386,-78.8775485499307
469,6,0.4557093784760436,22917.0,43.82104073603916,-79.45954116270966
470,4,0.6676238852296816,15842.0,43.56817240432927,-79.70945750891056
471,4,0.41262630768611414,14470.0,43.53646176591625,-79.55435003332872
472,4,0.5068390749815128,6040.0,43.52299937062997,-79.72213697402437
473,5,0.4852169997243787,13432.0,43.650703551340946,-79.8302154615764
474,3,0.5487280287498308,11612.0,43.6820029979882,-79.57645735238366
475,4,0.4286387552220394,13681.0,43.49174091820021,-79.60372983789689
476,4,0.5265560067503476,6344.0,43.59591098191596,-79.73858095240547
477,13,0.48444540917048073,50.0,43.38564626560469,-80.36696046350026
478,4,0.21792040902424079,945.0,43.46245640105929,-79.89848114035239
479,4,0.4053177081460932,6707.0,43.54041649891917,-79.78375843537958
480,2,0.4243489980835481,15316.0,43.883102513701466,-79.16278417914289
481,2,0.48397327317889727,8838.0,43.786437666906366,-79.32034641622293
482,4,0.28608835452939274,6144.0,43.53308366884569,-79.85886917600925
483,8,0.3995481007328141,8274.0,43.77604567928258,-78.8680209632301
484,8,0.4258322593555114,7657.0,44.044800213911834,-78.807178334938
485,6,0.30921170059450936,1550.0,43.846609257057615,-79.41949253179848
486,2,0.40715909957696444,14761.0,43.88749505982642,-79.11983339338265
487,8,0.2824318765237136,9132.0,44.11727790258838,-78.62925666229238
488,4,0.7961380544867295,17240.0,43.59766822375986,-79.68497563623417
489,7,0.36162742187508307,11819.0,43.9073696518507,-79.19736048893888
490,3,0.9678141604716907,8226.0,43.63563023519792,-79.53437247159042
491,8,0.30674222173022947,12441.0,43.805248167908324,-78.97259707669453
492,9,0.2560956447020267,9152.0,43.32514067147097,-80.17837201191467
493,1,0.31636755659280724,14013.0,43.74622095009931,-79.51678877815046
494,8,0.7982423817360902,1317.0,43.90129787791673,-78.92530312069022
495,2,0.4066590409707065,7665.0,43.85394532935553,-79.06386311759717
496,3,0.598517927339308,5740.0,43.681573951154434,-79.55583722841756
497,8,0.8254550870075883,7142.0,43.86007690625662,-78.88817303079718
498,13,0.2685981678520143,9047.0,43.288650122164235,-80.32528632030271
499,2,0.43414217706472413,11910.0,43.836386956464395,-79.06367249689049
500,7,0.404711422888183,15588.0,43.868234340824365,-79.22276837824778
501,2,0.8389965707396637,10490.0,43.80878746537674,-79.24376909594189
502,7,0.6362876170078958,22388.0,43.9085259393931,-79.27670244188046
503,4,0.45673306299060834,12943.0,43.615330563717954,-79.7410706574699
504,2,0.4285034095626111,14638.0,43.87530562306651,-79.11229831938957
505,1,0.5122051099743681,16869.0,43.714447706193226,-79.47502911982941
506,2,0.3039840418714467,12118.0,43.93801119369178,-79.07418100884706
507,1,0.6655419187519204,1044.0,43.7434875030783,-79.35703341659364
508,4,0.17256012279384286,338.0,43.46144476998155,-79.9724475512776
509,3,0.2969065952021001,14740.0,43.72092354412343,-79.5241977547288
510,1,0.550351891434037,12871.0,43.69032083792762,-79.45911214529626
511,8,0.8290764734711434,6985.0,43.88437303708646,-78.80302503710395
512,3,0.37245266960055295,13695.0,43.66165815364859,-79.62967222030828
513,1,0.6255722335554325,10524.0,43.661618602042836,-79.3988249543275
514,2,0.3559595565738454,10612.0,43.83335308608487,-79.01987009835946
515,4,0.4619032057037444,1219.0,43.61375214783312,-79.74133043857198
516,2,0.29410355544636535,8759.0,43.92436156084062,-79.04942456790074
517,3,0.48916515143801514,13953.0,43.67409760140128,-79.6016994998277
518,1,0.9586743990753614,11586.0,43.711229065738166,-79.40931075148379
519,8,0.3466962409643041,1416.0,44.02881924213225,-78.96336608764959
520,14,0.25368336668723596,13118.0,43.434453467489924,-80.08587476703309
521,9,0.3034722527353984,9747.0,43.20848267307669,-80.24231882167165
522,5,0.4319608481511509,12267.0,43.68652164159182,-79.68492518864446
523,4,0.28053367302249865,10002.0,43.45809755068965,-79.81035708831
524,1,0.7190322873696064,11641.0,43.72158075434151,-79.44464674405768
525,3,0.592591591998456,18706.0,43.604951991690825,-79.49595442485372
526,8,0.5824385151004996,15536.0,43.85244169502849,-78.94169177273129
527,2,0.4971241803443076,11543.0,43.803606569302865,-79.07359516265306
528,2,0.8397435546639124,390.0,43.77151074956111,-79.18302446576244
529,1,0.7059634063119461,9155.0,43.75100893799828,-79.3904499582387
530,8,0.9573997312969574,17623.0,43.903852461613134,-78.88841335528852
531,4,0.21323061596358647,8774.0,43.463595317880575,-79.90652547377162
532,3,0.6727945990184296,16632.0,43.67100993513352,-79.5244327396341
533,14,0.296232769275748,11212.0,43.40133400207002,-80.18683298126774
534,9,0.2877804557367457,5020.0,43.3110391387603,-80.16429604113155
535,2,0.18454292514564496,11114.0,44.282278524943735,-78.18801833062217
536,4,0.46681514946419556,12047.0,43.57132757909803,-79.76302325968346
537,4,0.3636221121871855,9067.0,43.60796176077571,-79.78151430725593
538,6,0.33079089485529,12456.0,43.79498296889466,-79.48259237397298
539,3,0.3505615587301667,7079.0,43.56198114817592,-79.45526797481946
540,5,0.3291549620005151,10441.0,43.62076595993758,-79.93532241020347
541,4,0.3288427729161898,7862.0,43.546269233411934,-79.82794282901045
542,8,0.6215004325426247,8208.0,43.9640081080696,-78.91872293608121
543,4,0.5397801659865289,6617.0,43.571074414341695,-79.74118789659765
544,3,0.3921420052637876,13301.0,43.704427898914176,-79.58218965672185
545,2,0.17740158233206088,1171.0,44.340154172204045,-77.89853479570515
546,14,0.16968738785451198,11518.0,43.50223953132683,-80.00028273250165
547,5,0.2270695243988454,21829.0,43.57034127333067,-79.99300461800232
548,5,0.3642630826666063,894.0,43.739139809829524,-79.63886064627673
549,3,0.4456718247401365,9155.0,43.688193617706716,-79.50694006080377
550,8,0.5040870750367848,7608.0,44.01058574172828,-78.78400633530329
551,2,0.17640490710702822,13173.0,44.38131102515655,-77.88879244966787
552,8,0.3312010301483407,22438.0,44.09385848227396,-78.73608290103328
553,2,0.6226620966083166,9021.0,43.775823403088246,-79.30011035887172
554,4,0.4811807067354488,7419.0,43.50550727652491,-79.61266455178134
555,3,0.4029099472610456,467.0,43.608416042091726,-79.4485189689208
556,2,0.3816955473692592,17340.0,43.90115366967549,-79.15708857188237
557,3,0.8846743161730735,13467.0,43.64059340507549,-79.56764937641276
558,4,0.34558544756256243,9753.0,43.59925428146275,-79.798234412484
559,5,0.7972255172300328,4095.0,43.726951700533945,-79.8274386926764
560,4,0.7176873827364635,17765.0,43.62100210787455,-79.65032287531594
561,4,0.2538775436925638,14463.0,43.50938838218042,-79.8834708237574
562,3,0.5855876786106324,11218.0,43.68269529134129,-79.5377723128698
563,2,0.1692641292492678,5921.0,44.57882370541123,-77.74264595920097
564,9,0.4777767479386504,5978.0,43.34203079352476,-79.86099340060204
565,8,0.30624679063644117,8019.0,44.026970795236444,-78.54596398340995
566,8,0.19807494958190322,15018.0,44.245200436541055,-78.4981564497779
567,4,0.3397996377304614,5988.0,43.53777415975693,-79.81974768552303
568,4,0.31035966594165165,15192.0,43.56263443426614,-79.8388885797619
569,13,0.4672686327108317,9802.0,43.315765212183585,-80.44830935339789
570,8,0.3239599543320592,9271.0,44.04381004225152,-78.96212841220733
571,1,0.8652879048944352,660.0,43.735534728659744,-79.39197241220243
572,8,0.20148781787987644,5955.0,44.17866812305723,-78.38158876062005
573,5,0.2907276365071159,13080.0,43.649084436697905,-80.02238215626355
574,4,0.27155036186161685,8263.0,43.47800800320819,-79.49625757931265
575,6,0.3891228513806598,9543.0,43.80864764312588,-79.46615013203531
576,9,0.20993896280749855,6977.0,43.16495525539816,-80.40935961720072
577,1,0.3042083798284279,7301.0,43.57787965581992,-79.34987746129488
578,1,0.5458003112988525,13653.0,43.73274695953698,-79.46749994147955
579,2,0.16385162693702704,9429.0,44.61612582203244,-77.51923351971914
580,1,0.3607029269559257,7189.0,43.6289807412084,-79.28197686503687
581,1,0.3802825872200635,321.0,43.78474257601299,-79.37201669120363
582,14,0.40680145293016146,6738.0,43.49006079406564,-80.1056877843608
583,4,0.47112957077566614,10607.0,43.51171676396139,-79.72499416280355
584,1,0.32232620174722965,10580.0,43.79969431965485,-79.4151525299124
585,13,0.23593849033676328,10271.0,43.148154615422506,-80.59497309470369
586,13,0.2353661406271746,9137.0,43.211031813323295,-80.38149701849588
587,2,0.5468068441632777,14428.0,43.82857061718975,-79.26239146373416
588,5,0.2791937321327308,4122.0,43.71151515111123,-79.62888309434862
589,13,0.3915650400840144,6946.0,43.268207667281466,-80.57034508050363
590,5,0.1925935780297582,443.0,43.53233394931992,-79.99261373946263
591,8,0.23563748824386563,7615.0,44.17765982674511,-78.58176608034371
592,1,0.6755662691327905,11213.0,43.753818645158766,-79.40566783327502
593,1,0.3741940785250073,10045.0,43.79035811225725,-79.41744605908848
594,14,0.8663519926820235,9320.0,43.51115008885677,-80.19475535042083
595,4,0.6359346286800318,15512.0,43.53157304526391,-79.6510856707563
596,1,0.3855223626207215,7743.0,43.78817904871712,-79.42036279089965
597,2,0.5714243690803904,12282.0,43.84589312722358,-79.1837091140613
598,5,0.2972027206168399,13162.0,43.60584284108671,-79.94746823112274
599,1,0.7567941559741919,9049.0,43.71313184422179,-79.34654649025505
600,3,0.3880790107154307,9513.0,43.569039415352556,-79.46971320528667
601,9,0.3434827821129441,8168.0,43.28516839007828,-80.14521305229589
602,9,0.31035420639539785,9167.0,43.24016467644209,-80.21406849841208
603,8,0.20036185096050324,7741.0,44.13026918635153,-78.31779029415752
604,4,0.25495329314179266,3743.0,43.43403587372861,-79.8049220364993
605,4,0.28492850954718696,13972.0,43.5520370363094,-79.86020378416224
606,2,0.18474200420885212,407.0,44.3116446592388,-78.22806994124514
607,5,0.6043658862427125,15640.0,43.67987826727107,-79.73301304515415
608,9,0.22782834151332454,4476.0,43.29203944774727,-80.25476621332001
609,8,0.1979945319170448,8220.0,44.2232398162718,-78.43847407382867
610,8,0.23110441703834056,9947.0,44.15484846024137,-78.5002227168652
611,9,0.502318452495623,7404.0,43.29432595721378,-80.02851485050365
612,9,0.44335753434294967,5574.0,43.32131724937561,-80.02115109781167
613,1,0.5927117518208739,14093.0,43.72547102585682,-79.3298408452081
614,4,0.5087566024972541,3926.0,43.64041279199881,-79.6643911888596
615,1,0.2728322146400955,7285.0,43.761215698948334,-79.52621974295742
616,7,0.3169441840334081,5913.0,43.88515650252245,-79.411159061232
617,6,0.22622781988046506,7505.0,43.98093675738954,-79.44972916579684
618,13,0.3240443360834213,10275.0,43.36653556688303,-80.31145464995434
619,2,0.30040445507333047,8441.0,43.80700224040876,-79.35688259394902
620,1,0.34891464609938044,10458.0,43.776980906175446,-79.3446563136247
621,7,0.3000429454440355,9523.0,43.84769913019044,-79.40238356115526
622,5,0.2602332669967341,9746.0,43.5804920426063,-79.9501239152073
623,2,0.18462675623251418,12630.0,44.28253384039423,-78.19250911023711
624,5,0.5310859186335685,16538.0,43.658122973172055,-79.78820291492646
625,13,0.31322632931242816,51.0,43.33580659327159,-80.32064170239872
626,3,0.5409470001469203,477.0,43.59169042605179,-79.50302570585214
627,2,0.18541898084705727,7576.0,44.31238304312061,-78.26412008009686
628,9,0.7572156790706256,8596.0,43.2574887502074,-79.95481938494288
629,13,0.4149078960882964,12143.0,43.377470812464836,-80.34634079857328
630,2,0.18735676805510723,9452.0,44.196928815444906,-78.2621147412437
631,1,0.6868897067113545,11556.0,43.694775929275885,-79.44313730937735
632,2,0.16160070800012197,8614.0,44.615024967014456,-77.41665786545923
633,2,0.16743873588366787,6887.0,44.5081809217075,-77.58159049917111
634,6,0.2502088657674574,14047.0,43.77826568721256,-79.54646997931708
635,2,0.16802505875961726,6786.0,44.504801952890695,-77.60588706647238
636,2,0.15650131670660292,4972.0,44.639771563848925,-77.22748479477832
637,3,0.6014133065888064,6468.0,43.65321719483311,-79.59577583816431
638,1,0.4407251311978363,4433.0,43.77944493634215,-79.42261954664126
639,14,0.5613087255846719,6697.0,43.53437376533566,-80.31843523165178
640,4,0.9450036721746399,9172.0,43.597421167940354,-79.65686775613428
641,2,0.5181336249455275,143.0,43.846305091441316,-79.12664315503892
642,6,0.9221341147472181,11515.0,43.85472634270936,-79.5259300542446
643,2,0.16506181071257747,10671.0,44.68798687399347,-77.65595075307644
644,4,0.319165764117181,7791.0,43.55118496075212,-79.83443666036784
645,6,0.4611093283762591,9459.0,43.8637722696357,-79.44040481484443
646,4,0.3335279686502008,7298.0,43.60966463376796,-79.79384103180543
647,2,0.3294384065418052,250.0,43.8803030371705,-79.04009684557107
648,7,0.27246383306083044,12517.0,43.96310572153904,-79.41727589302083
649,2,0.7770363781892414,8129.0,43.77538125854994,-79.16555283356094
650,5,0.2617845675310597,3893.0,43.64444467929684,-80.04816308896051
651,2,0.6817407041541208,10014.0,43.791994990343305,-79.29028371313157
652,2,0.16902989244601357,4419.0,44.50058207695294,-77.6493886794019
653,15,0.9155034657701484,8261.0,45.26716758875245,-75.81932246953822
654,5,0.29321070740809735,5218.0,43.59018678479488,-79.88649878766199
655,4,0.25229454550548086,5951.0,43.547501179833105,-79.89101854602968
656,6,0.3064280993023285,12761.0,43.842819048633714,-79.42000841090994
657,13,0.5922142329868604,13055.0,43.514437169743054,-80.41802678045421
658,2,0.18247922988011384,67.0,44.19846229252713,-78.02026946951142
659,2,0.8283429344462252,13923.0,43.749805056763584,-79.2453029917474
660,4,0.2559264265161613,6007.0,43.51611391866022,-79.88364574550616
661,7,0.7213730999351275,16551.0,43.87557827745867,-79.34811257090057
662,1,0.3793452963095195,8842.0,43.72753383685894,-79.50152999922598
663,5,0.21326375629197278,6042.0,43.55543267233713,-79.99144878623588
664,4,0.3893802359517088,9771.0,43.57880259563517,-79.79046338520178
665,7,0.1857040891778189,9850.0,44.058576575017845,-79.46907303257753
666,3,0.3405697402575451,8524.0,43.717705765710036,-79.55337605654148
667,3,0.28268794910423295,7344.0,43.72870826782842,-79.5395858623081
668,14,0.4761212183749529,11461.0,43.45306252227659,-80.265957486215
669,6,0.5894638879935761,6995.0,43.81546442399294,-79.51614352187514
670,2,0.597204090168013,4407.0,43.76124384535387,-79.2982736796115
671,14,0.4339505009880985,13401.0,43.554838822733544,-80.10687240799733
672,5,0.3885387414997804,367.0,43.82043914448758,-79.67957798937361
673,5,0.8630058158292385,11193.0,43.72164463871882,-79.8085443743049
674,1,0.2578291151308925,7241.0,43.77827909904569,-79.51388757371897
675,7,0.29952208439391154,12126.0,43.92694290859034,-79.41584820862462
676,13,0.45449115321864114,12377.0,43.29617609714173,-80.5489660876333
677,4,0.28608078497242206,3925.0,43.41975598248556,-79.7043821865571
678,7,0.7059549942163795,7063.0,43.86052391343377,-79.26921918989947
679,2,0.16908335475935826,10634.0,44.173570519327725,-77.43128196038097
680,4,0.2666529481032419,8197.0,43.48993178944013,-79.85925310158862
681,6,0.646816254298311,6637.0,43.892856142757374,-79.52506684961337
682,6,0.7328111779000736,10136.0,43.872533409864815,-79.47733088925159
683,6,0.9442373329418456,11190.0,43.85052506766226,-79.49368236002304
684,6,0.7667853118001323,9979.0,43.85434078957602,-79.47303454818328
685,7,0.48134347712747605,11590.0,43.889219689103484,-79.23027925342375
686,2,0.4618773224489567,10353.0,43.86341035313004,-79.20204938839649
687,2,0.968067823211361,7176.0,43.77770684151039,-79.24815150459759
688,15,0.9303199407878405,7703.0,45.30591310349972,-75.6325518092357
689,6,0.17916178987348844,6411.0,44.05688480777145,-79.49686642058131
690,6,0.7647369113182984,7363.0,43.86156596200608,-79.54544257522831
691,6,0.29588844215141497,9958.0,43.92761562334272,-79.43891945142045
692,7,0.22375799131382068,16709.0,44.020434659445236,-79.4276078824308
693,6,0.4327324654607188,5844.0,43.9099232999969,-79.46583111692172
694,7,0.3379033316615959,4028.0,43.96931589554567,-79.22620081310065
695,3,0.9286863482120663,8119.0,43.6446377898512,-79.52928423775136
696,7,0.3726123140603743,7135.0,43.972499751937555,-79.28407433959713
697,6,0.3425748009294824,7272.0,43.93401818240185,-79.46759666308618
698,6,0.8655393391797327,4845.0,43.843334831933774,-79.5288396758903
699,15,0.8963763837075108,5137.0,45.32339425531623,-75.94608676300957
700,15,0.8667178330686914,9104.0,45.445290586913515,-75.48871106503273
701,2,0.7930171276005606,2911.0,43.74163285029689,-79.21966838922035
702,1,0.6783521856634963,6837.0,43.66864527695188,-79.37190417002776
703,7,0.8781923163592874,7301.0,43.86071793367935,-79.2879857238201
704,3,0.5599264951694498,8524.0,43.62673184272074,-79.477891233173
705,2,0.4436515266460979,9737.0,43.848281830554,-79.24095790180354
706,1,0.47997900237727265,7611.0,43.63983504623986,-79.39747851087064
707,6,0.5917688138251663,15154.0,43.85254258767618,-79.56959385889698
708,1,0.5360785379431414,5092.0,43.64797213681736,-79.39171544911541
709,8,0.7051118723762878,2750.0,43.960467571555554,-78.88780903344406
710,15,0.8900384483435296,5374.0,45.28586202046655,-75.91648146768784
711,5,0.29652002008566175,10235.0,43.842222125118745,-79.66280851004257
712,15,0.9073851770496871,6029.0,45.280064347290406,-75.87499934746708
713,1,0.5444139472071325,4787.0,43.65112117510797,-79.35533666790523
714,3,0.9240250033876896,3922.0,43.62559155350674,-79.53866793859795
715,6,0.7932585951386972,6093.0,43.83581360429981,-79.4879271252889
716,2,0.8930663954203033,3961.0,43.78673634900778,-79.19591150189402
717,7,0.39766335392695357,6807.0,43.89151369256308,-79.39480063570362
718,5,0.5041834641939216,7385.0,43.654000227151926,-79.82371392536884
719,5,0.7280690198589878,8199.0,43.75453882916885,-79.84229452689027
720,6,0.24891030873992848,5024.0,43.960894469471654,-79.44598715622573
721,5,0.4306109017178023,4736.0,43.64219760957515,-79.78360549630415
722,5,0.5799707276029351,9294.0,43.6677861730355,-79.81877547392531
723,5,0.21296483090738622,1695.0,43.78244350480454,-79.59456876562884
724,7,0.7207075013360233,9058.0,43.90076586722731,-79.28642929467402
725,7,0.9014519321209061,6484.0,43.8849434090863,-79.30820497459067
726,5,0.42980793747926416,7097.0,43.79069464343738,-79.66701678028045
727,5,0.6273994313778577,29669.0,43.6957920008902,-79.85656416636384
728,15,0.8954754539483382,8910.0,45.240005250524696,-75.74204270443421
729,6,0.36273708069187516,6222.0,43.81219062793539,-79.45413271809937
730,5,0.46603990097297043,5823.0,43.6501919918408,-79.7734598938409
731,5,0.6237968939568399,5173.0,43.67176605375524,-79.79450258801157
732,15,0.9098400367276352,6309.0,45.25313984556406,-75.7476993176249
733,5,0.7750326588001827,6588.0,43.757346701163705,-79.82588941501827
734,4,0.9869385905467022,5683.0,43.587143926578754,-79.65144409226644
735,7,0.5631272470592884,7419.0,43.90806279398603,-79.25583292582856
736,6,0.2851579337069627,9254.0,43.82508469890624,-79.62102229842004
737,15,0.9151822761436119,4781.0,45.25945658601342,-75.77709679399386
738,1,0.45754839347484716,9625.0,43.63805272776458,-79.40498388745874
739,4,0.2770973622038704,7578.0,43.48515083401876,-79.8445075733051
740,4,0.2967016450660038,5889.0,43.49567281573259,-79.83341477103662
741,9,0.7409284923978452,5115.0,43.11715206880337,-79.82705546418966
742,9,0.8219101060593692,7631.0,43.167003772531594,-79.79254293118558
743,13,0.4868914826125081,3031.0,43.436770246649836,-80.35664374006024
744,13,0.8528536962744879,3213.0,43.403532299778846,-80.50329062268311
745,13,0.6295477797250838,7904.0,43.37355760486674,-80.43116311434848
746,13,0.8024399820165143,9831.0,43.392365372264734,-80.49693988845893
747,12,0.9338054199409461,7492.0,42.31988284968696,-82.90515250594063
748,11,0.9520014707747764,4152.0,42.979840687936004,-81.28513523569548
749,11,0.762344916011076,15367.0,43.053576672198616,-81.21377905589806
750,7,0.3674780505526204,6444.0,43.961735040030185,-79.24027636616717
